StationCode,StationName,GROUP_ID,Z,US_L4CODE,US_L4NAME
OC_SLR-028,Oceanside_SLR-028_San Luis Rey River,161,15.963526095161878,85e,Diegan Coastal Terraces
CT_MS4-SLR-041,County_MS4-SLR-041_San Luis Rey River,441,76.65477826136953,85f,Diegan Coastal Hills and Valleys
L03-214-2,Upstream end of Casta del Sol Golf Course,537,208.1284306121615,85f,Diegan Coastal Hills and Valleys
OC_LA-048,Oceanside_LA-048_Carlsbad,121,92.82709326124086,85f,Diegan Coastal Hills and Valleys
903M20165,Moosa Creek,281,72.37205319659564,85f,Diegan Coastal Hills and Valleys
OC_LA-051,Oceanside_LA-051_Carlsbad,121,99.70391281203517,85f,Diegan Coastal Hills and Valleys
CT_HST01,County_HST01_Santa Margarita River,434,319.52543272396355,85m,Santa Ana Mountains
802LELLB2,Lake Elsinore La Laguna Beach water,49,382.42336727107784,85k,Inland Valleys
SMR-1,Santa Margarita River_SMR-1,241,129.77931435819636,85m,Santa Ana Mountains
SLR-MLS,San Luis Rey River MLS,233,9.03269614137886,85e,Diegan Coastal Terraces
901TCSMP2,Trabuco Creek above Santa Margarita Pkwy Bridge,1,248.4980331315948,85f,Diegan Coastal Hills and Valleys
CT_MS4-SLR002,County_MS4-SLR002_San Luis Rey River,257,54.143241429162984,85f,Diegan Coastal Hills and Valleys
L03-073-3,L03-073-3,561,232.73035589004223,85f,Diegan Coastal Hills and Valleys
903PLH214,Lake Henshaw,41,810,8e,Southern California Lower Montane Shrub and Woodland
COL07P16u,Upstream Of Col07P16 Outfall,681,237.08085587112112,85f,Diegan Coastal Hills and Valleys
OC_LA-032,Oceanside_LA-032_Carlsbad,145,47.2335954496084,85e,Diegan Coastal Terraces
L01-404-1,Coto de Caza - Tipu Run near Bentley Rd,641,138.54499723935479,85f,Diegan Coastal Hills and Valleys
903M20166,Guajome Tributary,361,110.57510101790766,85f,Diegan Coastal Hills and Valleys
L02-166-2,L02P25 at Alicia and Santa Margarita,1,245.74224026305538,85f,Diegan Coastal Hills and Valleys
SMC01257,Tijeras Creek at Antonio Parkway,545,209.9796137942112,85f,Diegan Coastal Hills and Valleys
RC_902MS42240,902MS42240,186,348.8699817988381,85k,Inland Valleys
902DLCDLM,De Luz Creek DeLuz-Murrieta Road,442,173.37787365510215,85m,Santa Ana Mountains
901SJOF1x,San Juan Creek above Ortega Falls,642,591.5259826092041,85m,Santa Ana Mountains
902MS4144,Temecula Crk @ Butterfield Stage Rd - IAH,186,341.76775990974295,85k,Inland Valleys
903R9PPCD,Pauma Creek Downstream USFS,682,629.5352375089595,8e,Southern California Lower Montane Shrub and Woodland
902RW4035,Warm Springs Creek d/s of M.H.S. Rd. d/s of outlet - IAH,178,328.4840844560003,85k,Inland Valleys
P3-CW-RCRCD,Coldwater Pool 3,90,451.82545532177323,85m,Santa Ana Mountains
902DEVIL2,Upstream Devil's Creek off S. Margarita,602,430.91946278936496,85m,Santa Ana Mountains
902LMC778,Lower Murrieta Creek,162,302.86509708877946,85k,Inland Valleys
902DEVSCP,Downstream Devil's Creek (SCCWRP Site),89,360.0421366805353,85m,Santa Ana Mountains
903FCPSPx,French Creek (FCPSP),466,1380.7884844352732,8f,Southern California Montane Conifer Forest
902USM828,Upper Santa Margarita River,162,305.7023862199403,85m,Santa Ana Mountains
L02-641-2,Antonio Pkwy and El Prado - Right pipe,689,281.7038503246165,85f,Diegan Coastal Hills and Valleys
902RW4145,Temecula Creek d/s of outlet at Butterfield Stage Rd - IAH,186,333.2955055973616,85k,Inland Valleys
902MS4243,Wildomar Channel u/s of Union St.,242,393.23166760229054,85k,Inland Valleys
902SNDIA3,Sandia Creek Point Near Ag,226,334.93261256384386,85m,Santa Ana Mountains
902TCI15x,Temecula Creek downstream of I-15,162,301.01797035704385,85k,Inland Valleys
802LEA1,Lake Elsinore A1,49,380,85k,Inland Valleys
903CCRVAL,Pala Rey Ranch,603,102.17770919387081,85g,Diegan Western Granitic Foothills
801TMW162,Temescal Wash Random Olsen Site 162,563,368.95419986157947,85k,Inland Valleys
902S00117,Santa Margarita River above Wood Cyn.,483,36.64115242049667,85f,Diegan Coastal Hills and Valleys
802LEB1,Lake Elsinore B1,49,380,85k,Inland Valleys
901NP9LAC,Los Alamos Canyon Creek at Arizona Crossing,538,439.3582401725158,85m,Santa Ana Mountains
802LE3,Lake Elsinore 3,49,380,85k,Inland Valleys
802LE10,Lake Elsinore 10,49,380,85k,Inland Valleys
901S02873,San Mateo Creek ~0.6mi below Los Alamos Cyn. Cr.,419,381.4293478689672,85m,Santa Ana Mountains
SLR-040,Near Mission Ave where Hwy 76 crosses SLR,380,46.466409101863974,85f,Diegan Coastal Hills and Valleys
902S05173,Santa Margarita River ~2.5mi below De Luz Rd.,443,71.06526088059768,85m,Santa Ana Mountains
901CSCADC,Cold Spring Canyon above Devil Cyn Creek,643,505.38196134146466,85m,Santa Ana Mountains
SLRR3,San Luis Rey River_C,243,8.83681711091798,85e,Diegan Coastal Terraces
801RB8339,Temescal Wash Random Olsen Site 339,258,306.04864384609124,85k,Inland Valleys
SLR-020,Shearer Crossing,233,10.504004388722088,85e,Diegan Coastal Terraces
802LELE2A,"Lake Elsinore, Near TMDL LE02 (Buoy 38)",49,380,85k,Inland Valleys
802LED2,Lake Elsinore D2,49,380,85k,Inland Valleys
CT_MS4-SMG-086,County_MS4-SMG-086_Santa Margarita River,434,320.83139999948276,85m,Santa Ana Mountains
902SMSND3,Sandia Creek 3,554,120.98535006924732,85m,Santa Ana Mountains
902M20273,SMR approx. 1100 m u/s of Deluz Rd. Bridge,241,100.72166455368668,85m,Santa Ana Mountains
903SLGRD2,Gird Creek 2 at Oak Cliff Drive,244,96.91112002300153,85f,Diegan Coastal Hills and Valleys
801EAGNGC,Eagle Glen Golf Course,284,363.01977791479584,85m,Santa Ana Mountains
CT_MS4-SMG-089,County_MS4-SMG-089_Santa Margarita River,434,319.4572906135036,85m,Santa Ana Mountains
SMG06,Rainbow Creek @ Stage Coach Lane,497,141.9969337591561,85m,Santa Ana Mountains
903M20208,Double Canyon,603,115.65069440097888,85g,Diegan Western Granitic Foothills
903NP9PRC,Prisoner Creek ~0.1mi above San Luis Rey River,427,778.1524364025972,8e,Southern California Lower Montane Shrub and Woodland
SMC00153,SMC00153,233,10.359123908308606,85e,Diegan Coastal Terraces
801RB8467,Temescal Wash Random Olsen Site 467,164,288.46547948612545,85l,Inland Hills
902SMADO2,Adobe Creek 2,194,558.5480045495497,85m,Santa Ana Mountains
SMC00693,SMC00693,524,240.94228925915633,85g,Diegan Western Granitic Foothills
901NP9HJC,Holy Jim Canyon Creek ~0.6mi above Trabuco Cyn. Cr.,124,604.6010318292307,85m,Santa Ana Mountains
901ATCAAS,Arroyo Trabuco,204,634.7131256136958,85m,Santa Ana Mountains
SMC00665,SMC00665,380,43.29268419013759,85f,Diegan Coastal Hills and Valleys
SMC04661,SMC04661,364,126.05267233463685,85m,Santa Ana Mountains
903HFSLRS,Pacific Ocean Surf Zone at San Luis Rey River Mouth,329,0,85e,Diegan Coastal Terraces
MGT01,Margarita Glen Tributary to Rainbow Creek,497,184.95748189666648,85m,Santa Ana Mountains
801M15559,Mill Creek SMC Random Site 15559,557,1986.5494325327463,8f,Southern California Montane Conifer Forest
801S06231,Cajon Wash Random SMC Site 06231,661,681.4645429885466,8e,Southern California Lower Montane Shrub and Woodland
481S05856,San Antonio Creek Random SMC Site 05856,525,845.8180353040134,8e,Southern California Lower Montane Shrub and Woodland
CT_MS4-SMG-099,County_MS4-SMG-099_Santa Margarita River,434,348.49616464733145,85g,Diegan Western Granitic Foothills
SMC00608,SGLR00608,325,168.50223478800785,85d,Los Angeles Plain
7-396,Linear Sand Filter 5A (Effluent),101,364.2412220081079,85d,Los Angeles Plain
628WFMB020,West Fork Mojave River upstream of the Silverwood Lake Wastewater Treatment Facility,165,1076.447358931979,8e,Southern California Lower Montane Shrub and Woodland
SGUT504,SGUT504,205,483.5203582907591,8e,Southern California Lower Montane Shrub and Woodland
SMC00428,SGUR00428,285,969.3485648936175,8e,Southern California Lower Montane Shrub and Woodland
801MHC219,Mountain Home Creek Random Olsen Site 219,615,1331.1216584346175,8e,Southern California Lower Montane Shrub and Woodland
802S45233,North Fork San Jacinto River Random SMC Site 45233,605,1279.231985203878,8e,Southern California Lower Montane Shrub and Woodland
P1-4,Big Bear Lake at Swim Beach,166,2059.9544174373573,8f,Southern California Montane Conifer Forest
CT_MS4-SMG-085,County_MS4-SMG-085_Santa Margarita River,434,318.8900045505434,85m,Santa Ana Mountains
801M15414,West Fork City Creek SMC Random Site 15414,485,754.1102298183916,8e,Southern California Lower Montane Shrub and Woodland
801S02123,City Creek Random SMC Site 02123,685,368.48193292142497,85k,Inland Valleys
SMC03984,SGUR03984,277,557.6308319655628,8e,Southern California Lower Montane Shrub and Woodland
801M15633,Lytle Creek below Green Mountain Rd. SMC Random Site 15633,86,873.5712901068435,8e,Southern California Lower Montane Shrub and Woodland
719NP7BNC,Browns Creek ~0.2mi above Hurley Flat,646,1090.3065437150512,8e,Southern California Lower Montane Shrub and Woodland
628CRB001,"Crab Cr, at Crab Flats Rd",326,1813.5568469146733,8f,Southern California Montane Conifer Forest
719NP7LBC,Lambs Creek ~1.3mi above Snow Cr. Rd.,486,495.15982491926167,81a,Western Sonoran Mountains
801BBGC02,Mid Grout Creek,126,2110.108815331732,8f,Southern California Montane Conifer Forest
405SGB025,San Gabriel Random Site 25,686,426.20393937433886,85k,Inland Valleys
801LYC600,Lytle Creek Random Olsen Site 600,86,840.1764754635248,8e,Southern California Lower Montane Shrub and Woodland
802S11394,Strawberry Creek Random SMC Site 11394,206,940.1951613687651,8e,Southern California Lower Montane Shrub and Woodland
405SGB010,San Gabriel Random Site 10,446,352.08845952834054,8e,Southern California Lower Montane Shrub and Woodland
801RB8333,Mill Creek Canyon Random Olsen Site 333,557,2112.087765651904,8f,Southern California Montane Conifer Forest
628MRW138,"Mojave River, WF ~1.2mi above Hwy 138",165,1110.6372989953798,8e,Southern California Lower Montane Shrub and Woodland
801S01655,Mill Creek Random SMC Site 01655,134,761.3906822986487,85k,Inland Valleys
405BRCSGR,Bear Creek above San Gabriel River,606,559.0180334504655,8e,Southern California Lower Montane Shrub and Woodland
801M15441,Lytle Creek SMC Random Site 15441,86,823.9217665407218,8e,Southern California Lower Montane Shrub and Woodland
801BBL552,"Big Bear Lake, Pine Knot Marina",166,2059,8f,Southern California Montane Conifer Forest
801HBC050,Santa Ana River Random Olsen Site 050,397,2067.425004309877,8f,Southern California Montane Conifer Forest
801RB8533,Mill Creek Random Olsen Site 533,526,866.7547024621409,85k,Inland Valleys
801NLC105,North Fork Lytle Creek Random Olsen Site 105,366,977.1638564170256,8e,Southern California Lower Montane Shrub and Woodland
801S03111,Icehouse Canyon Random SMC Site 03111,6,1920.9463522083174,8f,Southern California Montane Conifer Forest
801BBRC02,Rathbun Creek below Goldmine Dr,527,2162.2505326057694,8f,Southern California Montane Conifer Forest
626PS0827,"Big Rock Creek, SF ~1.8mi above Main Stem",487,1503.9704393830268,8c,Arid Montane Slopes
628PS1019,Deep Creek above Luna Cyn. Cr.,438,1133.3990838327168,8c,Arid Montane Slopes
801XXX259,Unknown Random Olsen Site 259,598,633.9279029452998,85k,Inland Valleys
628DEPDCL,"Deep Cr, upstream Deep Creek Lake",367,1850.9941760395025,8f,Southern California Montane Conifer Forest
802SWC419,Strawberry Creek Random Olsen Site 419,421,1651.8224136515928,8f,Southern California Montane Conifer Forest
801RB8274,City Creek Random Olsen Site 274,485,691.912895483883,8e,Southern California Lower Montane Shrub and Woodland
801LYC028,Lytle Creek Random Olsen Site 028,287,681.5074781914903,8e,Southern California Lower Montane Shrub and Woodland
801PS0019,Little Mill Creek,247,809.5175155570945,8e,Southern California Lower Montane Shrub and Woodland
801RB8304,Little Mill Creek Random Olsen Site 304,607,1113.9779237288894,8e,Southern California Lower Montane Shrub and Woodland
802NJR163,North Fork San Jacinto River Random Olsen Site 163,150,1591.7671636321431,8f,Southern California Montane Conifer Forest
412LAR003,Los Angeles Random Site 3,447,326.1202092962379,85c,Venturan-Angeleno Coastal Hills
802RB8405,Stone Creek Random Olsen Site 405,687,1749.7748346805422,8f,Southern California Montane Conifer Forest
801MIC034,Mill Creek Creek Random Olsen Site 034,341,1578.1807272343394,8f,Southern California Montane Conifer Forest
412LAR025,Los Angeles Random Site 25,207,494.720289055955,85d,Los Angeles Plain
719TRMDSS,"Tramway Road, downstream of station",7,767.73202323602,81a,Western Sonoran Mountains
801CCCCTT,Cucamonga Canyon Creek above Cucamonga Truck Trail,407,890.2897804293475,8e,Southern California Lower Montane Shrub and Woodland
412CE0732,Los Angeles River ~1mi above Riverside Dr.,87,153.6748148105004,85d,Los Angeles Plain
801MLC069,Middle Fork Lytle Creek Random Olsen Site 069,63,1008.2425161697294,8e,Southern California Lower Montane Shrub and Woodland
801WCC247,West Fork City Creek Random Olsen Site 247,485,773.0541986969833,8e,Southern California Lower Montane Shrub and Woodland
801EEWADD,East Etiwanda ~1.9mi above Decliff Dr.,328,909.9398749000977,8e,Southern California Lower Montane Shrub and Woodland
801M16704,Little Mill Creek along Rim of the World Drive,408,1820.4447633080022,8f,Southern California Montane Conifer Forest
DRCR1,Deer Creek 1,102,1368.1059968122383,8e,Southern California Lower Montane Shrub and Woodland
801MIC370,Mill Creek Random Olsen Site 370,78,1002.9529018594525,8e,Southern California Lower Montane Shrub and Woodland
801MIC035,Mill Creek Random Olsen Site 035,557,2006.9982224763837,8f,Southern California Montane Conifer Forest
WLLCR1,Willow Creek 1,608,1343.7663839254744,8f,Southern California Montane Conifer Forest
MLECR1,Mile Creek,494,1602.839039518112,8e,Southern California Lower Montane Shrub and Woodland
MLLCR1,Mill Creek_1,568,1048.1130515820516,8e,Southern California Lower Montane Shrub and Woodland
802SJR587,South Fork San Jacinto River Random Olsen Site 587,248,688.9255173237005,8e,Southern California Lower Montane Shrub and Woodland
801MLC057,Middle Fork Lytle Creek Random Olsen Site 057,8,1250.4926783387668,8f,Southern California Montane Conifer Forest
sar4,lakeview,453,1634.4759865568672,8f,Southern California Montane Conifer Forest
CRBCR1,Crab Creek,326,1811.5821622732428,8f,Southern California Montane Conifer Forest
801RB8445,Forsee Creek Random Olsen Site 445,88,1674.6007397321114,8f,Southern California Montane Conifer Forest
801RB8380,Frog Creek Random Olsen Site 380,559,2037.000042076076,8f,Southern California Montane Conifer Forest
802SWC206,Strawberry Creek Random Olsen Site 206,455,1566.2832471480683,8f,Southern California Montane Conifer Forest
L02-246-1,L11P01 Antonio Pkwy across from Tijeras Crk,545,218.33698934381658,85f,Diegan Coastal Hills and Valleys
SLR-TWAS-1,San Luis Rey River TWAS 1,257,48.025683622129236,85f,Diegan Coastal Hills and Valleys
J01P08,J01P08 At Outfall,649,318.3134092740114,85f,Diegan Coastal Hills and Valleys
LEP2,Lake Elsinore Plume 2,49,380,85k,Inland Valleys
OC_SLR-036,Oceanside_SLR-036_San Luis Rey River,129,25.79646071570535,85e,Diegan Coastal Terraces
CT_MS4-SMG-062,County_MS4-SMG-062_Santa Margarita River,113,203.28673368925308,85f,Diegan Coastal Hills and Valleys
J08TBN2,J08Tbn2 Outfall,609,280.53845055385136,85f,Diegan Coastal Hills and Valleys
VI_SLR-03,Vista_SLR-03_San Luis Rey River,137,91.88909463313333,85f,Diegan Coastal Hills and Valleys
OC_LA-026,Oceanside_LA-026_Carlsbad,529,41.89585758406518,85e,Diegan Coastal Terraces
CT_MS4-SMG001,County_MS4-SMG001_Santa Margarita River,113,202.93034849581278,85f,Diegan Coastal Hills and Valleys
RBC-WGR,Rainbow Creek at Willow Glen Rd. Bridge,497,176.502639081491,85m,Santa Ana Mountains
CT_MS4-SMG-015,County_MS4-SMG-015_Santa Margarita River,113,203.73523560229575,85f,Diegan Coastal Hills and Valleys
901TCOP17,Trabuco Creek 1.7 Miles above Oso Parkway,545,193.92495113111846,85f,Diegan Coastal Hills and Valleys
CT_MS4-SLR-154,County_MS4-SLR-154_San Luis Rey River,441,76.77734594596349,85f,Diegan Coastal Hills and Valleys
L02-641-1,Antonio Pkwy and El Prado - Left pipe,689,281.45356950253256,85f,Diegan Coastal Hills and Valleys
DC01,Rainbow Creek Core Monitoring Site,89,361.41612252191953,85m,Santa Ana Mountains
OC_SLR-005,Oceanside_SLR-005_San Luis Rey River,329,9.535105367774566,85e,Diegan Coastal Terraces
VI_BV-16,Vista_BV-16_Carlsbad,169,134.06650442881056,85f,Diegan Coastal Hills and Valleys
901HSCBCC,Hot Spring Canyon Creek below Church Camp,610,294.6689509516897,85m,Santa Ana Mountains
TEM_902MS43015,902MS43015,170,310.563956392283,85k,Inland Valleys
902RW4193,Long Canyon u/s of Commerce Ctr. Dr. d/s of outlet,170,312.10679089943005,85k,Inland Valleys
902MS4245,Box SD into Wildomar Ch u/s of Wesley St,242,388.9297275145719,85k,Inland Valleys
902LTC777,Lower Temecula Creek,162,300.49767481257163,85k,Inland Valleys
902CARSAB,Carlson-Sarabia Creek,650,390.2189853960008,85m,Santa Ana Mountains
902RCWGRx,Rainbow Creek upstream of Willow Glen Road,497,184.21606092072236,85m,Santa Ana Mountains
MURR_902MS44062,902MS44062,330,371.18850453103596,85k,Inland Valleys
901BELOLV,~1.3mi above Fox Cyn. Cr.,490,338.7468736041715,85f,Diegan Coastal Hills and Valleys
902SCSCRx,"Sandia Creek Sandia Creek Dr., 0.7 miles above Rock Mtn. Rd.",554,129.38092109750366,85m,Santa Ana Mountains
WILD_902MS45026,902MS45026,250,420.16179724837275,85k,Inland Valleys
P5-CW-RCRCD,Coldwater Pool 5,90,436.93286200620264,85m,Santa Ana Mountains
903SLMSA2,Moosa Creek 2,257,53.931065708002514,85f,Diegan Coastal Hills and Valleys
J07P02,J07P02 At Outfall,593,220.6676583478402,85f,Diegan Coastal Hills and Valleys
902DELUZ1,De Luz Lower Stream - Footbridge In Sight,690,120.88757526500757,85m,Santa Ana Mountains
RSML11P01u,Upstream Of Rsml11P01 Outfall,545,218.3190569430381,85f,Diegan Coastal Hills and Valleys
902MS4289,Empire Crk @ Butterfield Stage Rd,210,383.9125465635949,85k,Inland Valleys
PM-DS,Downstream of pervious paver median strip,130,102.49372362348122,85f,Diegan Coastal Hills and Valleys
901S04309,San Mateo Canyon Creek above Devil Cyn. Cr.,451,154.9173065191602,85m,Santa Ana Mountains
903WE0900,San Luis Rey River WF ~1.2mi below Colb Valley Creek,571,1252.6834457790521,8e,Southern California Lower Montane Shrub and Woodland
802LEA2,Lake Elsinore A2,49,380,85k,Inland Valleys
902S02357,Santa Margarita River ~0.8mi below Sandia Cr.,241,96.89323318788968,85m,Santa Ana Mountains
901NP9CSC,Cold Spring Canyon ~0.4mi above San Juan Cr.,610,243.63184197921183,85f,Diegan Coastal Hills and Valleys
901S00313,San Juan Creek ~1mi above Lion Cyn. Cr.,371,495.73769565127236,85m,Santa Ana Mountains
902SMRWGR,Santa Margarita River 2 miles upstream of  Willow Glen Road,611,158.2785161356357,85m,Santa Ana Mountains
802LED1,Lake Elsinore D1,49,380,85k,Inland Valleys
802LEC4,Lake Elsinore C4,49,380,85k,Inland Valleys
901S01705,Hot Spring Canyon Creek ~1.2mi above Hwy 74,610,273.10304903343666,85m,Santa Ana Mountains
901DCCSMC,Devils Canyon Creek above San Mateo Cyn. Creek,451,153.636978731262,85m,Santa Ana Mountains
802LEA3,Lake Elsinore A3,49,380,85k,Inland Valleys
SLRR1,San Luis Rey River_A,153,39.05127887032446,85f,Diegan Coastal Hills and Valleys
802LE11,Lake Elsinore 11,49,380,85k,Inland Valleys
SLR-070,Gomez Creek from Rice Canyon,291,179.20461959436375,85g,Diegan Western Granitic Foothills
902TV0111,Vail Lake,691,438,85l,Inland Hills
903SLSLR8,San Luis Rey River 8,11,7.292668247291832,85e,Diegan Coastal Terraces
SLR-050,Old Hwy 395 bridge W side of Interstate 15,441,73.81119089925778,85f,Diegan Coastal Hills and Valleys
903M20177,Gomez Creek,452,288.8722536200208,85g,Diegan Western Granitic Foothills
902M20161,Rainbow Creek approx. 360 m u/s of Rainbow Valley Blvd.,434,322.00267666498667,85m,Santa Ana Mountains
902WPPIO1,Pio Pico,332,332.96366668222504,85k,Inland Valleys
RBC10,Rainbow Creek @ MWD Road Crossing,345,262.34438630544423,85m,Santa Ana Mountains
903SLFRCx,Fry Creek (FRC),132,1518.0782599136314,8f,Southern California Montane Conifer Forest
903SLIRS2,Irons Springs 2,172,1487.0798042792107,8f,Southern California Montane Conifer Forest
801SAR528,Santa Ana River Random Olsen Site 528,12,120.17957724845473,85d,Los Angeles Plain
SMC01909,SMC01909,372,91.1353559983849,85g,Diegan Western Granitic Foothills
RBC01,Rainbow Creek @ Eastern edge of Hines Nursery,434,336.1995683211178,85g,Diegan Western Granitic Foothills
SMC00345,SMC00345,169,134.9300638720655,85f,Diegan Coastal Hills and Valleys
SMC02457,SMC02457,153,31.831577825134644,85f,Diegan Coastal Hills and Valleys
901NP9LCC,Long Canyon Creek above Ortega Falls,52,703.24168442044,85m,Santa Ana Mountains
SMC01717,SMC01717,339,84.95253900804249,85f,Diegan Coastal Hills and Valleys
904EMISGC,Emerald Isle Golf Course,529,52.782972522797685,85e,Diegan Coastal Terraces
903HFSLRE,San Luis Rey River Estuary near Mouth,329,4.217204422200614,85e,Diegan Coastal Terraces
CT_MS4-SMG-097,County_MS4-SMG-097_Santa Margarita River,434,327.78598634852824,85g,Diegan Western Granitic Foothills
903SLSLR3,San Luis Rey River 3,427,762.8141561858441,8e,Southern California Lower Montane Shrub and Woodland
801TMW153,Temescal Wash Random Olsen Site 153,92,262.76131111331557,85l,Inland Hills
801BBL678,"Big Bear Lake, Pine Oak Lane North Beach",693,2061.3831147754254,8f,Southern California Montane Conifer Forest
RGT01,Rainbow Glen Tributary to Rainbow Creek,345,263.732364103354,85m,Santa Ana Mountains
802RCF792,San Jacinto River at Cranston Guard Station,333,604.4310998940346,85l,Inland Hills
801RB8289,Cajon Wash Random Olsen Site 289,381,871.0627020009966,8c,Arid Montane Slopes
SMC04524,SGUR04524,293,866.8957923576056,8e,Southern California Lower Montane Shrub and Woodland
CT_MS4-SMG-058,County_MS4-SMG-058_Santa Margarita River,434,329.9593486588538,85g,Diegan Western Granitic Foothills
802RB8218,Fuller Mill Creek Random Olsen Site 218,573,1811.6190564168094,8f,Southern California Montane Conifer Forest
628GVCB010,Grass Valley Creek 75 feet of the Pacific Crest Trail in a non-recreation use area.,173,1017.8366021434799,8c,Arid Montane Slopes
801BRC184,Bear Creek Random Olsen Site 184,373,1086.7376354143069,8e,Southern California Lower Montane Shrub and Woodland
SMC02976,SGUR02976,213,692.1318233939751,8e,Southern California Lower Montane Shrub and Woodland
7-394,Media Filter Drain (Effluent),101,364.85451800813746,85d,Los Angeles Plain
SMC00464_SGRRMP,SGUR00464,253,485.6584178280508,8e,Southern California Lower Montane Shrub and Woodland
CT_MS4-SMG-087,County_MS4-SMG-087_Santa Margarita River,434,334.2682805539218,85g,Diegan Western Granitic Foothills
801RB8317,Cable Creek Random Olsen Site 317,613,929.7375478831484,8e,Southern California Lower Montane Shrub and Woodland
801S05383,Bear Creek Random SMC Site 05383,373,1084.8155864719129,8e,Southern California Lower Montane Shrub and Woodland
802RB8196,Stone Creek Random Olsen Site 196,653,2050.036217935425,8f,Southern California Montane Conifer Forest
801WE1008,Barton Creek ~ 1.4 mi. NW of Barton Flats Campground,453,1684.066149237879,8f,Southern California Montane Conifer Forest
801SNP001,Lytle Creek Middle Fork Non-perennial site 001,63,964.8786587060869,8e,Southern California Lower Montane Shrub and Woodland
801S04471,Plunge Creek Random SMC Site 04471,14,450.15747780196284,85k,Inland Valleys
801CJW041,Cajon Wash Random Olsen Site 041,414,882.6987146411179,8c,Arid Montane Slopes
801RB8131,Deer Creek Random Olsen Site 131,254,1563.9289728418903,8e,Southern California Lower Montane Shrub and Woodland
801XXX118,Unknown Random Olsen Site 118,374,937.8548113937916,8c,Arid Montane Slopes
801WE0669,Bear Creek ~5mi W Big Bear Lake,54,1749.8862564285023,8f,Southern California Montane Conifer Forest
405S03280,"San Gabriel, NF ~0.8mi below Bichota Cyn. Cr.",534,596.8553575432429,8e,Southern California Lower Montane Shrub and Woodland
626PS0171,Little Rock Creek,334,1051.461055486016,8c,Arid Montane Slopes
801CCWFAC,City Creek West Fork ~1.6mi above confluence,485,811.7810964752937,8e,Southern California Lower Montane Shrub and Woodland
801CYC114,City Creek Random Olsen Site 114,614,450.8343908996758,85k,Inland Valleys
801BBMC01,Metcalf Creek at Hwy 18,214,2064.038423558979,8f,Southern California Montane Conifer Forest
802S10146,Robert Falls Random SMC Site 10146,294,1357.4030790084298,8e,Southern California Lower Montane Shrub and Woodland
802S25288,Strawberry Creek Random SMC Site 25288,206,1088.6872412760629,8e,Southern California Lower Montane Shrub and Woodland
801RB8415,Mill Creek Canyon Random Olsen Site 415,134,752.561956567692,85k,Inland Valleys
801MIC074,Mill Creek Random Olsen Site 074,454,2222.7370800012313,8f,Southern California Montane Conifer Forest
801S00903,Santa Ana River Random SMC Site 00903,437,1860.2859576391893,8f,Southern California Montane Conifer Forest
801RB8448,Mile Creek Random Olsen Site 448,494,1583.8437746013906,8e,Southern California Lower Montane Shrub and Woodland
628CE0088,Holcomb Creek ~2.6mi above Coxey Road,574,2163.193168435783,8f,Southern California Montane Conifer Forest
801RB8618,Santa Ana River Random Olsen Site 618,397,2017.95784201249,8f,Southern California Montane Conifer Forest
802SWC270,Strawberry Creek Random Olsen Site 270,455,1518.8401902159126,8f,Southern California Montane Conifer Forest
801CYC398,City Creek Random Olsen Site 398,614,450.9543908996129,85k,Inland Valleys
412S04204,SANTA ANITA CANYON ~0.3mi above Winter Cr.,575,597.9731236571058,8e,Southern California Lower Montane Shrub and Woodland
801EBC686,East Fork Barton Creek Random Olsen Site 686,559,1935.8246022270419,8f,Southern California Montane Conifer Forest
802SJCREF,San Jacinto River - Reference Site,333,612.2492609436551,85l,Inland Hills
801RB8575,Mill Creek Random Olsen Site 575,615,1144.3694367985102,8e,Southern California Lower Montane Shrub and Woodland
628DEP001,"Deep Cr, above Deep Cr Lake (nr town of Arrowbear Lake)",375,1915.4057277787779,8f,Southern California Montane Conifer Forest
802RB8297,Indian Creek Random Olsen Site 297,55,1151.9480678547225,8e,Southern California Lower Montane Shrub and Woodland
801BBL703,"Big Bear Lake, Stanfield Middle near MWDL9",166,2059,8f,Southern California Montane Conifer Forest
801CYC121,City Creek Random Olsen Site 121,295,404.03933050318363,85k,Inland Valleys
626PS0619,Little Rock Creek ~0.9mi below South Fork,215,1198.4504794192865,8c,Arid Montane Slopes
801CJW079,Cajon Wash Random Olsen Site 079,655,629.137195449839,85k,Inland Valleys
802INC172,Indian Creek Random Olsen Site 172,415,763.6460951053347,8e,Southern California Lower Montane Shrub and Woodland
802RB8107,Bautista Creek Random Olsen Site 107,175,840.542563161995,8e,Southern California Lower Montane Shrub and Woodland
801PLC362,North Fork Lytle Creek Random Olsen Site 362,86,923.4226892343559,8e,Southern California Lower Montane Shrub and Woodland
802FMCAIP,Fuller Mill Creek ~0.0.8mi above Idyllwild Panoramic Hwy,573,1803.569400615746,8f,Southern California Montane Conifer Forest
802WE0658,Fuller Mill Creek At Idyllwild Panoramic Hwy,150,1599.1867295124289,8f,Southern California Montane Conifer Forest
628PS0527,Deep Creek ~0.9mi above Crab Creek,95,1580.453991318015,8f,Southern California Montane Conifer Forest
sar2,gypsum,437,1863.5005884396958,8f,Southern California Montane Conifer Forest
628PS2063,Deep Creek ~1.1mi below Holcomb Cr.,16,1302.816145145936,8c,Arid Montane Slopes
412LAR009,Los Angeles Random Site 9,56,537.472551293383,85c,Venturan-Angeleno Coastal Hills
801RB8590,Santa Ana River Random Olsen Site 590,397,1898.4243307205552,8f,Southern California Montane Conifer Forest
801SAMI1x,Mill Creek ~0.3mi below Vivian Cr.,376,1835.8189526963497,8f,Southern California Montane Conifer Forest
801RB8407,Santa Ana River Random Olsen Site 407,397,2042.6241123686846,8f,Southern California Montane Conifer Forest
719HOTCPF,Horsethief Creek,176,1061.5899509358517,8e,Southern California Lower Montane Shrub and Woodland
801M16710,Middle Fork Lytle Creek 2 mile hike upstream of Middle Fork trailhead,416,1649.654882795481,8f,Southern California Montane Conifer Forest
719WWRI10,White Water River at Interstate 10,216,413.8867863485648,81e,Upper Coachella Valley and Hills
HRKCR1,Herkey Creek,496,1522.6074009496597,8f,Southern California Montane Conifer Forest
405SGB003,San Gabriel Random Site 3,296,750.7800099457268,8e,Southern California Lower Montane Shrub and Woodland
802SMC580,"San Jacinto River, NF ~0.3mi above Stone Cr.",605,1317.254661318954,8e,Southern California Lower Montane Shrub and Woodland
SAR5,Santa Ana River,453,1599.5247954499719,8e,Southern California Lower Montane Shrub and Woodland
801LYC346,Lytle Creek Random Olsen Site 346,86,894.8108797155667,8e,Southern California Lower Montane Shrub and Woodland
EFMNTCR2,East Fork Mountain Home Creek 2,576,1630.8654998935235,8e,Southern California Lower Montane Shrub and Woodland
FRDCR1,Fredalba Creek,629,991.2868786556273,8e,Southern California Lower Montane Shrub and Woodland
CT_MS4-SMG-021,County_MS4-SMG-021_Santa Margarita River,113,203.77041512994532,85f,Diegan Coastal Hills and Valleys
SandiaCk_BCD,Sandia_Creek at Buenos Campos Dr,97,233.62033525322587,85m,Santa Ana Mountains
LEP1,Lake Elsinore Plume 1,49,380,85k,Inland Valleys
11-334,Rainbow Creek-Downstream (RC-DS),434,321.6093311739976,85m,Santa Ana Mountains
SMR-MLS,Santa Margarita River MLS,241,91.46879999816883,85m,Santa Ana Mountains
L01-340-1,Oso Parkway near Wrangler Ct,617,215.8569427897567,85f,Diegan Coastal Hills and Valleys
CT_MS4-SLR003,County_MS4-SLR003_San Luis Rey River,441,76.70114836704957,85f,Diegan Coastal Hills and Valleys
CT_MS4-SLR-155,County_MS4-SLR-155_San Luis Rey River,441,76.19025602610455,85f,Diegan Coastal Hills and Valleys
SC-SCD,Sandia Creek downstream of USGS station,554,132.13151481756702,85m,Santa Ana Mountains
SLR-TWAS-2,San Luis Rey River TWAS 2,129,25.81483285365647,85e,Diegan Coastal Terraces
SMR-WGR,Santa Margarita River Willow Glen Rd.,497,138.9216623403728,85m,Santa Ana Mountains
REF-TCAS,Arroyo Trabuco Creek at Alder Spring,577,458.3864184304743,85m,Santa Ana Mountains
VI_43,Vista_43_San Luis Rey River,137,90.85280910064466,85f,Diegan Coastal Hills and Valleys
CT_MS4-SLR-150,County_MS4-SLR-150_San Luis Rey River,257,53.94028055302823,85f,Diegan Coastal Hills and Valleys
CT_MS4-SLR-152,County_MS4-SLR-152_San Luis Rey River,441,75.67113506039098,85f,Diegan Coastal Hills and Valleys
L01-731-1,Dove Canyon Golf Course off Sycamore Canyon Drive,609,279.58178778629247,85f,Diegan Coastal Hills and Valleys
L03-662-3,Casta del Sol Golf Course,537,192.15917724987958,85f,Diegan Coastal Hills and Valleys
902NP9CWC,Cottonwood Creek ~0.5mi above Skiploader Rd.,658,683.2072508283151,8e,Southern California Lower Montane Shrub and Woodland
BV-N,Northeast MS4 outfall to Buena Vista Creek,130,102.23867824458094,85f,Diegan Coastal Hills and Valleys
902RW4022,Murrieta Cr d/s Line E - IAH,218,328.24258928906613,85k,Inland Valleys
RCFC_1084,1084,338,357.8490335366297,85k,Inland Valleys
902MS4034,RCP outlet  to Warm Springs Creek d/s of M.H.S. Rd. - IAH,178,328.83976445580294,85k,Inland Valleys
902ELCALA,Adobe Creek above El Calamar Road,578,443.1857751437996,85m,Santa Ana Mountains
902RW4020,Murrieta Cr u/s Line E - IAH,218,329.77026439445433,85k,Inland Valleys
P2-CW-RCRCD,Coldwater Pool 2,90,441.96966995462316,85m,Santa Ana Mountains
901NP9LAN,Upper Los Alamos Canyon Creek North Fork,698,527.4713137518597,85m,Santa Ana Mountains
901HSCBFC,Hot Spring Canyon Creek below USFS Cabins,610,235.01198749191258,85m,Santa Ana Mountains
902DVSDSU,Devils Creek at Via Novillo,89,347.88730219682213,85m,Santa Ana Mountains
COL07P16,Col07P16 Outfall,681,236.22718112618068,85f,Diegan Coastal Hills and Valleys
901SMCWHC,Wildhorse Canyon,538,466.3110359541144,85m,Santa Ana Mountains
801TSC887,Temescal Creek near Temescal Canyon Rd.,258,303.7654331754414,85k,Inland Valleys
RSML11P01d,Downstream Of Rsml11P01 Outfall,545,217.22708650582723,85f,Diegan Coastal Hills and Valleys
MURR_902MS44063,902MS44063,330,371.0167999994883,85k,Inland Valleys
903DCBDCP,Doane Creek below Doane Creek Pond,458,1422.6663677552372,8f,Southern California Montane Conifer Forest
MURR_902MS44034,902MS44034,178,328.37103479695617,85k,Inland Valleys
902ASTRLC,~1.9mi above Arroyo Seco Creek,699,707.2962953122858,8e,Southern California Lower Montane Shrub and Woodland
SLR-060,Couser Canyon bridge,339,85.47041497080048,85f,Diegan Coastal Hills and Valleys
SLR-080,Pauma Creek,458,1437.4909786575581,8f,Southern California Montane Conifer Forest
903SLRRBB,San Luis Rey River at Benet Road Bridge,233,7.966359298341288,85e,Diegan Coastal Terraces
802LE12,Lake Elsinore 12,49,389.47973803012684,85k,Inland Valleys
802LEC3,Lake Elsinore C3,49,380,85k,Inland Valleys
901S04409,San Juan Creek ~0.4mi above Lion Cyn. Cr.,371,450.4486138741762,85m,Santa Ana Mountains
902SMROB8,Roblar Creek above De Luz Ck,539,83.40097326138792,85m,Santa Ana Mountains
SLRR2,San Luis Rey River_B,153,33.162540523348326,85f,Diegan Coastal Hills and Valleys
901S06969,San Mateo Creek above Los Alamos Cyn. Cr.,419,422.5156984918195,85m,Santa Ana Mountains
802LE6,Lake Elsinore 6,49,380,85k,Inland Valleys
801S16169,Silverado Creek Random SMC Site 16169,499,532.1246164313087,85m,Santa Ana Mountains
901S00469,San Mateo Canyon above Tenaja Cyn. Cr.,379,345.4842796193008,85m,Santa Ana Mountains
802LEE1,Lake Elsinore E1,49,386.1972968961967,85k,Inland Valleys
902TCTCR1,Temecula Creek Road,186,343.1100024536202,85k,Inland Valleys
802LEA4,Lake Elsinore A4,49,380,85k,Inland Valleys
901NP9TNC,Tenaja Canyon,379,366.3227735294415,85m,Santa Ana Mountains
802LEE3,Lake Elsinore E3,49,380,85k,Inland Valleys
RVT02,Chica tributary @ 1st Street,434,324.04418060790147,85m,Santa Ana Mountains
901SCCA74,Spring Canyon Creek ~2.3mi above Hwy 74,610,327.82702851456963,85m,Santa Ana Mountains
903M20124,Keys Creek Tributary u/s of Olf Lilac Rd.,524,241.8515061327949,85g,Diegan Western Granitic Foothills
801RB8293,Temescal Wash Random Olsen Site 293,140,283.2368175828393,85k,Inland Valleys
RBC06,Rainbow Creek @ 2219 Willow Glen Road,497,172.18079981733666,85m,Santa Ana Mountains
SMC02145,SMC02145,420,427.2939050260706,85g,Diegan Western Granitic Foothills
SMC01689,SMC01689,380,42.08808719157446,85f,Diegan Coastal Hills and Valleys
902SMSTN1,Stone Creek 1,611,186.4696728058043,85m,Santa Ana Mountains
901NP9BWR,BlueWater Canyon Creek 1,180,339.13462048939385,85m,Santa Ana Mountains
SMC01881,SMC01881,460,10.204382380389061,85e,Diegan Coastal Terraces
801STC149,Santiago Creek Random Olsen Site 149,220,266.52003887332694,85f,Diegan Coastal Hills and Valleys
901NP9FLC,Falls Creek ~0.1mi above Tabuco Cyn. Cr.,577,489.18797562953216,85m,Santa Ana Mountains
903M20153,Couser Canyon Creek approx. 140 m d/s of Pala Loma Dr.,580,242.24554715554416,85g,Diegan Western Granitic Foothills
CT_MS4-SMG-098,County_MS4-SMG-098_Santa Margarita River,434,345.02717246318963,85g,Diegan Western Granitic Foothills
903SLRSP1,San Luis Rey San Pasqual 1,340,584.5467005730798,85g,Diegan Western Granitic Foothills
SMC00457,SMC00457,500,271.7051569169671,85g,Diegan Western Granitic Foothills
902SSMR07,Santa Margarita at Basilone Rd,100,23.96275356977966,85f,Diegan Coastal Hills and Valleys
902CRXFAL,Calle Roxanne Fallbrook,300,196.02941251362523,85m,Santa Ana Mountains
801M15378,Lytle Creek SMC Random Site 15378,63,965.9007033674992,8e,Southern California Lower Montane Shrub and Woodland
7-395,Right-of-way of eastbound US I-210-Influent,101,364.4456540080723,85d,Los Angeles Plain
P1-5,Mill Creek Reach 2 Torrey Pines Dr.,341,1593.4126729442241,8f,Southern California Montane Conifer Forest
628LDCB002,"Deep Creek, south side of the Saddle Dike Embankment , east of the West Fork Mojave Dam.",181,922.2313285804848,8c,Arid Montane Slopes
802RB8688,Strawberry Creek Random Olsen Site 688,421,1713.4021701962772,8f,Southern California Montane Conifer Forest
SMC00480_SGRRMP,SGUR00480,301,777.1568638601692,8e,Southern California Lower Montane Shrub and Woodland
481M15356,San Antonio Creek Random SMC Site 15356,461,1257.7553563380097,8e,Southern California Lower Montane Shrub and Woodland
405PS0036_SGRRMP,SGUR0036,261,621.5897494146933,8e,Southern California Lower Montane Shrub and Woodland
SGUT501,SGUT501,221,515.0887624132268,8e,Southern California Lower Montane Shrub and Woodland
7-422,Peck Road Park Lake SF Influent,141,149.8371863487846,85d,Los Angeles Plain
801S06679,Cajon Wash Random SMC Site 06679,701,784.074037566666,8e,Southern California Lower Montane Shrub and Woodland
801S00791,Cleghorn Creek Random SMC Site 00791,381,895.7022459961233,8e,Southern California Lower Montane Shrub and Woodland
801M15547,Boulder Creek SMC2_15547,621,2149.0261464717896,8f,Southern California Montane Conifer Forest
HST02,Pipe discharging to Brow Ditch on Huffstatler St.,434,322.0337315521926,85m,Santa Ana Mountains
CT_MS4-SMG-057,County_MS4-SMG-057_Santa Margarita River,434,325.39265880990087,85m,Santa Ana Mountains
801S31343,Rathbun Creek SMC Random Site 31343,501,2097.814018201345,8f,Southern California Montane Conifer Forest
801RB8474,San Antonio Creek ChannelRandom Olsen Site 474,679,1708.824023198092,8f,Southern California Montane Conifer Forest
801RB8327,Cajon Wash Random Olsen Site 327,661,692.1593678734962,85k,Inland Valleys
801BBSCW1,Summit Creek West at Swan Dr,166,2072.895461798442,8f,Southern California Montane Conifer Forest
801S02567,Santa Ana River near Seven Oaks Random SMC Site 02567,62,1683.9379097117558,8f,Southern California Montane Conifer Forest
412LARVGO,Verdugo Wash,662,144.651953455236,85d,Los Angeles Plain
801RB8254,Deer Creek Random Olsen Site 254,102,1380.9479362244745,8e,Southern California Lower Montane Shrub and Woodland
801SAR124,Santa Ana River Random Olsen Site 124,22,700.0273955974408,8e,Southern California Lower Montane Shrub and Woodland
801S01783,Waterman Canyon Random SMC Site 01783,302,607.6528049467246,8e,Southern California Lower Montane Shrub and Woodland
801S01523,Mill Creek Random SMC Site 01523,262,1225.7602598743056,8e,Southern California Lower Montane Shrub and Woodland
719NP7TWP,Twin Pines Creek ~1.2mi above Azalea Cr.,542,1203.5014443248651,8e,Southern California Lower Montane Shrub and Woodland
801XXX112,Cajon Wash Random Olsen Site 112,701,787.435887355459,8e,Southern California Lower Montane Shrub and Woodland
801BBRC01,Rathbun Creek below Sandalwood Dr,166,2062.1775709920366,8f,Southern California Montane Conifer Forest
801FGC022,Frog Creek Random Olsen Site 022,622,2133.3943934091744,8f,Southern California Montane Conifer Forest
403ROBRGC,Robinson Ranch Golf Course,582,527.0022826510365,85c,Venturan-Angeleno Coastal Hills
802NJR147,North Fork San Jacinto River Random Olsen Site 147,150,1594.3957175999685,8f,Southern California Montane Conifer Forest
801S01671,Santa Ana River near Barton Flats SMC Site 01671,397,1931.3916018250868,8f,Southern California Montane Conifer Forest
801BNC530,Barton Creek Random Olsen Site 530,453,1757.3624326257232,8f,Southern California Montane Conifer Forest
801SNP002,San Antonio Creek Non-perennial site 002,222,1606.9668255624733,8f,Southern California Montane Conifer Forest
801RB8512,Bear Creek Random Olsen Site 512,373,1131.2796013070508,8e,Southern California Lower Montane Shrub and Woodland
628MOJ002,"Mojave River, below Forks Res",181,921.1202704942376,14j,Western Mojave Basins
801BBGC01,Grout Creek,126,2066.858567610311,8f,Southern California Montane Conifer Forest
801SAR334,Santa Ana River Random Olsen Site 334,583,1751.7609250895755,8f,Southern California Montane Conifer Forest
802LHCBL1,Lake Hemet - Boat Launch/Campground,398,1322,8e,Southern California Lower Montane Shrub and Woodland
405SGBNFK,North Fork San Gabriel,253,533.2845748406954,8e,Southern California Lower Montane Shrub and Woodland
801RB8396,Cajon Wash Random Olsen Site 396,661,698.0117611427322,85k,Inland Valleys
801RB8240,Alder Creek Random Olsen Site 240,703,1181.7675697317056,8e,Southern California Lower Montane Shrub and Woodland
412LAR018,Los Angeles Random Site 18,223,783.9275199082022,8e,Southern California Lower Montane Shrub and Woodland
719WWRPDS,White Water River Preserve Down Stream,39,774.262599834494,8c,Arid Montane Slopes
801WCC446,West Fork City Creek Random Olsen Site 446,485,754.1225703330317,8e,Southern California Lower Montane Shrub and Woodland
801LCMFAS,Lytle Creek MF ~1.3mi above Scotland,63,1046.6820178964385,8e,Southern California Lower Montane Shrub and Woodland
802INC635,Indian Creek Random Olsen Site 635,349,1637.7776026875622,8f,Southern California Montane Conifer Forest
405PS0030,San Gabriel River 30,103,493.12909163048425,8e,Southern California Lower Montane Shrub and Woodland
628MRWSLO,West Fork Mojave River Silverwood Lake outfall,383,966.2875904271706,14j,Western Mojave Basins
801RB8478,Forsee Creek Random Olsen Site 478,494,1498.4711561617157,8e,Southern California Lower Montane Shrub and Woodland
801SAN068,San Antonio Creek Channel Random Olsen Site 068,423,2245.2586988635167,8f,Southern California Montane Conifer Forest
802NJR160,North Fork San Jacinto River Random Olsen Site 160,663,651.6526165110117,8e,Southern California Lower Montane Shrub and Woodland
628PS2127,"Mojave River, EF of WF ~1.5mi below Dart Cyn Rd.",343,1046.7553323324826,8e,Southern California Lower Montane Shrub and Woodland
802SWC535,Strawberry Creek Random Olsen Site 535,549,1611.6779882911724,8f,Southern California Montane Conifer Forest
PLNCR2,Plunge Creek 2,584,1216.3118379563148,8e,Southern California Lower Montane Shrub and Woodland
801MIC272,Mill Creek Random Olsen Site 272,341,1669.571013746097,8f,Southern California Montane Conifer Forest
626PS1195,Little Rock Creek ~1.1mi above Santiago Cyn. Cr.,334,1039.2749126619967,8c,Arid Montane Slopes
801RB8483,Cajon Wash Random Olsen Site 483,384,747.579590899215,8e,Southern California Lower Montane Shrub and Woodland
sar6,katella,504,1534.1456222726067,8e,Southern California Lower Montane Shrub and Woodland
405SGB041,San Gabriel Random Site 41,304,361.8855954496321,85d,Los Angeles Plain
405PS0036,West Fork San Gabriel River,261,636.9781853248852,8e,Southern California Lower Montane Shrub and Woodland
sar3,yorba linda regional park,583,1762.8650349889724,8f,Southern California Montane Conifer Forest
MTCCR1,Metcalf Creek,214,2236.569076690211,8f,Southern California Montane Conifer Forest
405SGB022,San Gabriel Random Site 22,64,321.268825813817,85d,Los Angeles Plain
802NJR543,North Fork San Jacinto River Random Olsen Site 543,144,1783.7183273952573,8f,Southern California Montane Conifer Forest
MNTCR2,Mountain Home Creek 2,615,1204.5120760562481,8e,Southern California Lower Montane Shrub and Woodland
801WE1132,Santa Ana River SF ~3.5mi above Mainstem,184,2476.444582179359,8f,Southern California Montane Conifer Forest
801PLC469,Plunge Creek Random Olsen Site 469,14,454.79175758508876,85k,Inland Valleys
405BRCAMS,"Bear Creek, WF ~0.5mi above mainstem",359,781.1934761306053,8e,Southern California Lower Montane Shrub and Woodland
SCHCR1,Schenk Creek,485,708.3739657025606,8e,Southern California Lower Montane Shrub and Woodland
CT_MS4-SMG002,County_MS4-SMG002_Santa Margarita River,113,201.31431847312325,85f,Diegan Coastal Hills and Valleys
CT_MS4-SLR-095,County_MS4-SLR-095_San Luis Rey River,505,426.2340364031552,85g,Diegan Western Granitic Foothills
OC-SID-1,San Luis Rey River_OC-SID-1,233,8.596416364484018,85e,Diegan Coastal Terraces
CT_MS4-SLR-160,County_MS4-SLR-160_San Luis Rey River,465,153.8727172139561,85f,Diegan Coastal Hills and Valleys
CT_MS4-SLR-156,County_MS4-SLR-156_San Luis Rey River,465,175.3415539693646,85f,Diegan Coastal Hills and Valleys
SG02,Santa Gertrudis Creek Core Monitoring Site,105,438.8548114734974,85k,Inland Valleys
RSML11P01,Rsml11P01 Outfall,545,218.2755317641816,85f,Diegan Coastal Hills and Valleys
RSML02P25,Rsml02P25 Outfall,1,245.72538613260056,85f,Diegan Coastal Hills and Valleys
11-331,Rainbow Creek-Upstream (RC-US),434,319.29263089824235,85m,Santa Ana Mountains
802LEE2,Lake Elsinore E2,49,380,85k,Inland Valleys
902M20173,Rainbow Creek,345,273.5611726517943,85m,Santa Ana Mountains
J01-9349-1,El Toro Rd and Raintree,593,195.50237850220856,85d,Los Angeles Plain
901M14118,Trabuco Creek 1.75 mi u/s Oso,545,195.99838634871412,85f,Diegan Coastal Hills and Valleys
VI_SLR-01,Vista_SLR-01_San Luis Rey River,137,68.07544200879654,85f,Diegan Coastal Hills and Valleys
OC_SLR-016,Oceanside_SLR-016_San Luis Rey River,233,8.61721007369692,85e,Diegan Coastal Terraces
OC_LA-036,Oceanside_LA-036_Carlsbad,145,56.62249251020254,85e,Diegan Coastal Terraces
OC_LA-041,Oceanside_LA-041_Carlsbad,385,71.17477599081155,85f,Diegan Coastal Hills and Valleys
903PCPMPx,Pauma Creek downstream of Doque Trail at Palomar Mountain Park,466,1375.399749992429,8f,Southern California Montane Conifer Forest
RCFC_902MS41032,902MS41032,266,339.8475092415976,85k,Inland Valleys
RCFC_902MS41033,902MS41033,266,338.3510579651593,85k,Inland Valleys
COL07P16d,Downstream Of Col07P16 Outfall,681,236.15018204866496,85f,Diegan Coastal Hills and Valleys
902SNDIA1,Sandia Creek Lower-stream,586,181.0520175454748,85m,Santa Ana Mountains
P1-CW-RCRCD,Coldwater Pool 1,90,421.4599019492532,85m,Santa Ana Mountains
902DEVIL1,Mid-Stream Devil's Creek,546,384.3584476212311,85m,Santa Ana Mountains
L02P32,L02P32 Outfall,66,276.8734507749977,85f,Diegan Coastal Hills and Valleys
902SAND20,Sandia Creek at Buenos Campos Drive,97,233.62821205324457,85m,Santa Ana Mountains
902R9CCC1,Cole Canyon Creek,626,360.4027204983005,85m,Santa Ana Mountains
902SNDIA2,Sandia Creek Mid-Stream,506,282.1441675690652,85m,Santa Ana Mountains
902RW4143,Temecula Creek u/s of outlet at Butterfield Stage Rd - IAH,186,339.7303519098425,85k,Inland Valleys
RCFC_902MS41025,902MS41025,386,319.92400910115975,85k,Inland Valleys
TEM_902MS43038,902MS43038,306,356.0923589835862,85k,Inland Valleys
CT_SLR115,SDC Outfall SLR115,426,135.41590336552946,85g,Diegan Western Granitic Foothills
PM-US,Upstream of pervious paver median strip,130,102.16152099685478,85f,Diegan Coastal Hills and Valleys
902SND100,Sandia Creek 0.1 miles upstream of Via Raquel,226,333.16144674611735,85m,Santa Ana Mountains
801S40887,Temescal Wash upstream of Temescal Hills Dr. Random SMC Site 40887,258,311.74558288585126,85k,Inland Valleys
802LEB2,Lake Elsinore B2,49,380,85k,Inland Valleys
903WE0798,San Luis Rey River WF ~1mi N Mendenhall Valley,587,1273.6919173480478,8e,Southern California Lower Montane Shrub and Woodland
902WVWCR1,Wolf Creek at Wolf Valley Road,667,325.3532091005618,85k,Inland Valleys
B18-10166,B18-10166,347,NA,85e,Diegan Coastal Terraces
903S06113,San Luis Rey River ~0.5mi above Lusardi Cyn.,427,758.1831249216049,8e,Southern California Lower Montane Shrub and Woodland
901S01849,San Mateo Creek ~0.4mi above Los Alamos Cyn. Cr.,419,446.4339607576177,85m,Santa Ana Mountains
P1-2,Lake Elsinore NW Shore,49,380.7662653909689,85k,Inland Valleys
802LEB6,Lake Elsinore B6,49,380,85k,Inland Valleys
802LE9,Lake Elsinore 9,49,380,85k,Inland Valleys
801STC071,Santiago Creek Random Olsen Site 071,627,297.23547710956547,85f,Diegan Coastal Hills and Valleys
802LEA5,Lake Elsinore A5,49,380,85k,Inland Valleys
802LEB3,Lake Elsinore B3,49,380,85k,Inland Valleys
903FCPSP2,French Creek (FCPSP) 2,547,1544.2508239444778,8f,Southern California Montane Conifer Forest
SLR-010,Pacific Coast Highway Bridge,329,4.807099210677695,85e,Diegan Coastal Terraces
802LEC1,Lake Elsinore C1,49,380,85k,Inland Valleys
801RB8179,Temescal Wash Random Olsen Site 179,258,296.7309161847206,85k,Inland Valleys
903M20230,Lower San Luis Rey River at Douglas Dr.,433,15.319600000191713,85e,Diegan Coastal Terraces
901SJSMT2,San Mateo Creek 2,419,411.2899645921409,85m,Santa Ana Mountains
801RB8511,Herkey Creek Random Olsen Site 511,268,332.0328007361868,85f,Diegan Coastal Hills and Valleys
903M20235,Upper San Luis Rey River approx. 1.9 km d/s of E. Grade Rd.,315,799.5211970644742,8e,Southern California Lower Montane Shrub and Woodland
SMC02905,SMC02905,433,17.1548831022246,85e,Diegan Coastal Terraces
CT_MS4-SMG-056,County_MS4-SMG-056_Santa Margarita River,434,318.82253351703264,85m,Santa Ana Mountains
901SJSMT3,San Mateo Creek 3,451,154.4284821066181,85f,Diegan Coastal Hills and Valleys
SMC01413,SMC01413,428,1250.7140852445477,8f,Southern California Montane Conifer Forest
901ONLRMG,O'Neill Park pumping station,545,194.07118634886865,85f,Diegan Coastal Hills and Valleys
SMC03401,SMC03401,353,143.10903336875882,85m,Santa Ana Mountains
901CSDSGC,Costa del Sol Golf Course,537,178.93283152134757,85f,Diegan Coastal Hills and Valleys
RBC04,Rainbow Creek @ Old Highway 395,434,318.1835838110161,85m,Santa Ana Mountains
903M20213,Key's Creek downstream of Lancaster Mountain Rd,372,139.52101238511995,85g,Diegan Western Granitic Foothills
903NP9LWF,Lower West Fork of the San Luis Rey River,228,913.5559290249942,8e,Southern California Lower Montane Shrub and Woodland
901NP9MRC,Morrell Canyon Creek at Morgan Trail,68,840.8414907241657,85m,Santa Ana Mountains
903M20280,SLLR approx. 1000 m u/s of Camino del Rey Bridge,257,49.6981331350862,85f,Diegan Coastal Hills and Valleys
903TMBFAL,Tumble Creek Lane,148,237.30455250336553,85f,Diegan Coastal Hills and Valleys
801S08727,Lytle Creek Random SMC Site 08727,389,747.8179804559497,8e,Southern California Lower Montane Shrub and Woodland
801WE1043,City Creek ~0.1mi below confluence,485,678.5045111122163,8e,Southern California Lower Montane Shrub and Woodland
CT_MS4-SMG-061,County_MS4-SMG-061_Santa Margarita River,434,348.4363288246699,85g,Diegan Western Granitic Foothills
801S01367,Devil's Canyon Random SMC Site 01367,429,731.4531467955705,8e,Southern California Lower Montane Shrub and Woodland
802S33361,Strawberry Creek Random SMC Site 33361,549,1601.5564631650764,8f,Southern California Montane Conifer Forest
628MR-URI,Mojave River Mojave Forks Dam,181,907.5122873058342,14j,Western Mojave Basins
801M15366,East Twin Creek Random SMC Site 15366,469,459.50536792550577,85k,Inland Valleys
802S03234,Forbes Canyon Random SMC Site 03234,509,1469.959463449054,8e,Southern California Lower Montane Shrub and Woodland
SMC00544,SGLR00544,269,513.8702755577633,8e,Southern California Lower Montane Shrub and Woodland
7-398,Linear Sand Filter 5 (Effluent),101,364.8572307465223,85d,Los Angeles Plain
801FDCCCR,Fredalba Creek above City Creek Road,629,959.7833150636369,8e,Southern California Lower Montane Shrub and Woodland
SGUT503_SGRRMP,SGUT503_SGRRMP,309,1018.1576962451454,8e,Southern California Lower Montane Shrub and Woodland
801S01559,Lytle Creek Random SMC Site 01559,389,720.8716349343276,8e,Southern California Lower Montane Shrub and Woodland
SGUT502_SGRRMP,SGUT502_SGRRMP,229,586.2837313261349,8e,Southern California Lower Montane Shrub and Woodland
CT_MS4-SMG-088,County_MS4-SMG-088_Santa Margarita River,434,320.08050912269965,85m,Santa Ana Mountains
P3-RC2,Lake Fulmor at the Lakeside Boardwalk,349,1639.508296236883,8f,Southern California Montane Conifer Forest
7-423,Peck Road Park Lake SF Effluent,141,149.8371863487846,85d,Los Angeles Plain
801S02167,Plunge Creek Random SMC Site 02167,14,423.95874174260354,85k,Inland Valleys
801FRC093,Frog Creek Random Olsen Site 093,559,1964.3983551030549,8f,Southern California Montane Conifer Forest
802RB8513,Strawberry Creek Random Olsen Site 513,206,1128.1596699187498,8e,Southern California Lower Montane Shrub and Woodland
801RB8309,Cajon Wash Random Olsen Site 309,381,824.3712266627504,8e,Southern California Lower Montane Shrub and Woodland
802S35837,San Jacinto River Random SMC Site 35837,333,620.7404803884243,85l,Inland Hills
801BBL702,"Big Bear Lake, Mid Lake near MWDL6",166,2059,8f,Southern California Montane Conifer Forest
801RB8501,Mill Creek Random Olsen Site 501,590,1465.8595860106414,8e,Southern California Lower Montane Shrub and Woodland
405SGB018,San Gabriel Random Site 18,470,442.20066906543127,8e,Southern California Lower Montane Shrub and Woodland
801RB8167,City Creek Random Olsen Site 167,550,646.2286405917163,8e,Southern California Lower Montane Shrub and Woodland
802S29064,North Fork San Jacinto Creek Random SMC Site 29064,150,1656.844872811599,8f,Southern California Montane Conifer Forest
801S00375,Santa Ana River Random SMC Site 00375,14,439.36519544977637,85k,Inland Valleys
719WWRAEF,"Whitewater River, SF ~1.5mi above East Fork",630,2210.9975168066867,8f,Southern California Montane Conifer Forest
801ETC226,East Twin Creek Random Olsen Site 226,302,636.8410875555098,8e,Southern California Lower Montane Shrub and Woodland
801M15530,Mill Creek SMC2_15530,134,741.8886957321325,85k,Inland Valleys
802S25949,North Fork San Jacinto River Random SMC Site 25949,150,1574.0342777891146,8f,Southern California Montane Conifer Forest
801M15447,SMC2_15447,559,1982.362586072748,8f,Southern California Montane Conifer Forest
405SGBMRS,Morris Dam (downstream),670,303.9244419581302,8e,Southern California Lower Montane Shrub and Woodland
405SGB006,San Gabriel Random Site 6,631,704.5188011763321,8e,Southern California Lower Montane Shrub and Woodland
801LL0001,Lost Lake Depressional Wetland Site 0001,231,847.5913600324789,8c,Arid Montane Slopes
801SBCATC,Strawberry Creek ~2.3mi above East Twin Creek,471,910.9404590469451,8e,Southern California Lower Montane Shrub and Woodland
412LAR019,Los Angeles Random Site 19,87,149.1936502682204,85d,Los Angeles Plain
801RB8277,Coldwater Canyon Random Olsen Site 277,311,618.9677993264088,8e,Southern California Lower Montane Shrub and Woodland
628PS1039,Deep Creek ~0.9mi above Little Bear Cr.,431,1477.9786398566139,8f,Southern California Montane Conifer Forest
705PCCPCP,Pipes Canyon Preserve,31,1453.354653058683,8c,Arid Montane Slopes
628PS1307,Deep Creek ~0.8mi above Mohave R.,181,929.7714557923928,8c,Arid Montane Slopes
405SGB034,San Gabriel Random Site 34,229,717.2536003057659,8e,Southern California Lower Montane Shrub and Woodland
405CE0280,Cattle Canyon Creek ~1.4mi above San Gabriel River,317,666.815265322497,8e,Southern California Lower Montane Shrub and Woodland
801RB8436,Bear Creek Random Olsen Site 436,373,1186.7913551798351,8e,Southern California Lower Montane Shrub and Woodland
801MFC100,Metcalf Creek Random Olsen Site 100,214,2234.2796527665773,8f,Southern California Montane Conifer Forest
801BBL704,"Big Bear Lake, Big Bear Marina",166,2059,8f,Southern California Montane Conifer Forest
802HYC496,Herkey Creek Random Olsen Site 496,71,1409.4624614218192,8e,Southern California Lower Montane Shrub and Woodland
801BBMC02,Metcalf Creek 0.33 miles below Cedar Lake Rd,214,2105.1923815731566,8f,Southern California Montane Conifer Forest
719BMCPRE,Big Morongo Canyon Preserve,551,714.4585681819646,14b,Eastern Mojave Low Ranges and Arid Footslopes
801MIC007,Mill Creek Creek Random Olsen Site 007,671,1328.1832318529487,8e,Southern California Lower Montane Shrub and Woodland
801WBC106,West Fork Barton Creek Random Olsen Site 106,152,2165.0591384730046,8f,Southern California Montane Conifer Forest
KLLCR1,Keller Creek,512,1156.2129338395782,8e,Southern California Lower Montane Shrub and Woodland
801WE0674,Deer Creek ~0.7mi SW Seven Pines Rd.,102,1394.3665018202132,8e,Southern California Lower Montane Shrub and Woodland
PLNCR1,Plunge Creek,584,1169.927517380248,8e,Southern California Lower Montane Shrub and Woodland
801SAR168,Santa Ana River Random Olsen Site 168,437,1853.9340974613801,8f,Southern California Montane Conifer Forest
801EBC080,"Barton Creek, EF ~0.7mi above Jenkins Lake Rd W.",152,2286.3572228646426,8f,Southern California Montane Conifer Forest
801BBL701,"Big Bear Lake, Gilner Point Middle near MWDL2",239,2059,8f,Southern California Montane Conifer Forest
SAR7,Santa Ana River 7,494,1460.7632295782455,8e,Southern California Lower Montane Shrub and Woodland
BRTCR1,Barton Creek,453,1721.9672915207639,8f,Southern California Montane Conifer Forest
628SHP001,"Sheep Cr, below Scout Camp",192,1598.3244318523866,8f,Southern California Montane Conifer Forest
801LYC271,Lytle Creek Random Olsen Site 271,86,805.6200023351755,8e,Southern California Lower Montane Shrub and Woodland
EFMNTCR1,East Fork Mountain Home Creek 1,472,3074.755031241777,8d,Southern California Subalpine/Alpine
sar1,green river,397,1924.678600158954,8f,Southern California Montane Conifer Forest
801RB8607,Santa Ana River Random Olsen Site 607,583,1793.1042800527912,8f,Southern California Montane Conifer Forest
628MRWALR,West Fork Mojave River at Arrowhead Lake Road Bridge,32,925.0632045500752,14j,Western Mojave Basins
801HNC203,Hamilton Creek Random Olsen Site 203,453,1614.3971544957167,8e,Southern California Lower Montane Shrub and Woodland
CT_MS4-SMG-063,County_MS4-SMG-063_Santa Margarita River,434,316.04360314872,85m,Santa Ana Mountains
J01-9046-2,J01 at Normandale,593,212.02186631976875,85d,Los Angeles Plain
SMR-MLS-2,Santa Margarita River MLS 2,241,91.46879999816883,85m,Santa Ana Mountains
CT_MS4-SMG-024,County_MS4-SMG-024_Santa Margarita River,113,200.66952193332182,85f,Diegan Coastal Hills and Valleys
OC_SLR-015,Oceanside_SLR-015_San Luis Rey River,233,8.1081096555991,85e,Diegan Coastal Terraces
L02-166-3,Las Fieras and Via Babera,1,276.39964979241677,85f,Diegan Coastal Hills and Valleys
SMC00873,SMC00873,545,179.43124546070717,85f,Diegan Coastal Hills and Valleys
902WE0888,De Luz Creek Trib ~1.8mi above De Luz Creek,353,146.19025803479553,85m,Santa Ana Mountains
11-332,Caltrans I-15 Runoff (I-15 RO),434,322.36702450218206,85m,Santa Ana Mountains
SLR-1,San Luis Rey River_SLR-1,153,35.593018945796665,85f,Diegan Coastal Hills and Valleys
VI_BV-9,Vista_BV-9_Carlsbad,273,95.4277393014468,85f,Diegan Coastal Hills and Valleys
CT_MS4-SLR-161,County_MS4-SLR-161_San Luis Rey River,465,163.46158634869062,85f,Diegan Coastal Hills and Valleys
REF-FC,Fremont Cyn Creek,553,232.13150468664904,85f,Diegan Coastal Hills and Valleys
LEP3,Lake Elsinore Plume 3,49,380,85k,Inland Valleys
CT_MS4-SLR-151,County_MS4-SLR-151_San Luis Rey River,393,221.60927234721578,85f,Diegan Coastal Hills and Valleys
OC_SLR-025,Oceanside_SLR-025_San Luis Rey River,433,15.178295464148945,85e,Diegan Coastal Terraces
HST01,Brow Ditch to Rainbow Creek @ Huffstatler St.,434,319.52543272396355,85m,Santa Ana Mountains
902S00565,Santa Margarita River ~0.3mi above Sandia Cr. Dr.,554,111.71560455033614,85m,Santa Ana Mountains
902MCGSxx,Murrieta Creek near USGS gauging station,162,302.1123917824144,85k,Inland Valleys
902SNDIA4,Upstream Sandia Creek,226,349.02074843176854,85m,Santa Ana Mountains
902ADB848,Adobe Creek,194,561.6426482040636,85m,Santa Ana Mountains
801SARBPD,Santa Ana River below Prado Dam,154,139.6805321112392,85k,Inland Valleys
902SMAS1x,Santa Margarita River Arroyo Seco above Dripping Springs Campground,514,499.8261923591928,85l,Inland Hills
902UTC795,Upper Temecula Creek above Vail Lake,354,468.7793724724479,8e,Southern California Lower Montane Shrub and Woodland
901HSCUS1,Hot Spring Canyon Creek upstream of Church Camp,610,306.262090020366,85m,Santa Ana Mountains
902DELUZ3,De Luz Upper-Stream,474,201.68295089909225,85m,Santa Ana Mountains
J07-9109-4,"J07P02 78"" Outfall at Entidad and Los Alisos",593,220.31958634759212,85f,Diegan Coastal Hills and Valleys
902MS4192,Long Cyn u/s of Commerce Ctr Dr,170,312.3467908993771,85k,Inland Valleys
902RW4033,Warm Springs Creek d/s of M.H.S. Rd. u/s of outlet- IAH,178,328.66192445584767,85k,Inland Valleys
L08TBN1,L08Tbn1 Outfall,609,285.93780551184057,85f,Diegan Coastal Hills and Valleys
P4-CW-RCRCD,Coldwater Pool 4,90,496.08286964062745,85m,Santa Ana Mountains
902MS4021,Line E Murrieta Cr MDP at Murrieta Cr - IAH,218,328.52527535632345,85k,Inland Valleys
WILD_902MS45031,902MS45031,242,383.1583636505144,85k,Inland Valleys
CT_MS4-SMG-095,County_MS4-SMG-095_Santa Margarita River,434,329.2667999568345,85m,Santa Ana Mountains
802LE2,Lake Elsinore 2,49,380,85k,Inland Valleys
901DCCDCx,Devils Canyon Creek Above San Mateo Cr.,451,214.06234264754613,85m,Santa Ana Mountains
901S04565,San Mateo Canyon Creek below Tenaja Cyn. Cr.,379,344.03127115500683,85m,Santa Ana Mountains
902S02293,Santa Margarita River ~1.2mi above Rainbow Cr.,497,141.0045769464822,85m,Santa Ana Mountains
B18-10167,B18-10167,347,4,85e,Diegan Coastal Terraces
802LEB4,Lake Elsinore B4,49,380,85k,Inland Valleys
801STC142,Santiago Creek Random Olsen Site 142,595,249.66897375349464,85f,Diegan Coastal Hills and Valleys
903OLVFAL,Olive Hill Road Fallbrook,515,161.1035688858481,85f,Diegan Coastal Hills and Valleys
SLR-090,CNF picnic site,315,774.2551580908826,8e,Southern California Lower Montane Shrub and Woodland
802LEPU,Lake Elsinore Pump,49,380,85k,Inland Valleys
902OVRLD1,Overland,170,312.6888385766288,85k,Inland Valleys
802LEC2,Lake Elsinore C2,49,380,85k,Inland Valleys
902S01097,Sandia Canyon Creek ~1.9mi above De Anza Rd.,226,274.70161228795166,85m,Santa Ana Mountains
903SLGRD1,Gird Creek 1 at Live Oak Park,675,169.25088044586442,85f,Diegan Coastal Hills and Valleys
802LE8,Lake Elsinore 8,49,380.087529006562,85k,Inland Valleys
SLR-030,Douglas Ave Bridge,433,16.48680511935657,85e,Diegan Coastal Terraces
802LE13,Lake Elsinore 13,49,380,85k,Inland Valleys
801XXX046,Unknown Random Olsen Site 046,553,263.1003262679521,85f,Diegan Coastal Hills and Valleys
802LELD2E,"Lake Elsinore, Launch Pointe NE dock end",49,382.63400023556454,85k,Inland Valleys
SMC00857,SMC00857,476,20.847600000182865,85e,Diegan Coastal Terraces
903FRC,Fench Creek at CSP Palomar/USFS border,466,1389.207646797317,8f,Southern California Montane Conifer Forest
902M20237,1st tributary to RBC u/s of SMR,497,152.5955147051053,85m,Santa Ana Mountains
VMT01,Via Milpas Tributary to Rainbow Creek,497,151.27501583305687,85m,Santa Ana Mountains
802LSUMGC,Links at Summerly,36,380,85k,Inland Valleys
902LTRED1,Redhawk,236,331.68409344912214,85k,Inland Valleys
801RB8236,Temescal Wash Random Olsen Site 236,276,356.5092230429956,85k,Inland Valleys
901ATCTCx,Arroyo Trabuco Creek - Trabuco Cyn,577,437.9250744148812,85m,Santa Ana Mountains
802LELLB3,Lake Elsinore Launch Pointe Beach-left of docks,49,380.5760511621585,85k,Inland Valleys
903M20214,Lower San Luis Rey River at Benet Rd.,233,7.950346716756544,85e,Diegan Coastal Terraces
WGT01,Willow Glen Tributary @ Willow Glen Road,497,177.9017665222048,85m,Santa Ana Mountains
RBC02,Rainbow Creek @ Huffstatler St.,434,319.4978033780021,85m,Santa Ana Mountains
SMC01161,SMC01161,97,220.32416684569472,85m,Santa Ana Mountains
903SLKYS3,Keys Creek 3,156,251.43183678089622,85g,Diegan Western Granitic Foothills
SMC02933,SMC02933,441,68.70056148513015,85f,Diegan Coastal Hills and Valleys
SMG05,Rainbow Creek @ Willow Glen Road,497,177.12229452394308,85m,Santa Ana Mountains
801S00135,Mill Creek Random SMC Site 00135,557,1970.7158814272386,8f,Southern California Montane Conifer Forest
801S02464,San Antonio Creek Channel Random SMC Site 02464,677,1440.1325207444766,8f,Southern California Montane Conifer Forest
SMC00208,SGUR00208,277,566.7195252549017,8e,Southern California Lower Montane Shrub and Woodland
628HUSV01,Hudson Creek Between Wildrose Lane and Forest Shade Road,157,1397.7062288326665,8f,Southern California Montane Conifer Forest
801S05127,Bear Creek Random SMC Site 05127,373,1200.1487772480104,8e,Southern California Lower Montane Shrub and Woodland
7-397,Linear Filtration Trench (Effluent),101,365.5309587466163,85d,Los Angeles Plain
801M15511,Upper Santa Ana River near Seven Oaks Road SMC2_15511,437,1865.6169422304354,8f,Southern California Montane Conifer Forest
CT_MS4-SMG-101,County_MS4-SMG-101_Santa Margarita River,434,333.82359740852,85g,Diegan Western Granitic Foothills
801RB8376,Santa Ana River Random Olsen Site 376,397,1926.2107694420788,8f,Southern California Montane Conifer Forest
SMC00288_SGRRMP,SGLR00288,237,441.01079214967723,8e,Southern California Lower Montane Shrub and Woodland
405CE0280_SGRRMP,SGUR0280,317,672.1878723982998,8e,Southern California Lower Montane Shrub and Woodland
801M15377,Lytle Creek Random SMC Site 15377,389,752.5654513614263,8e,Southern California Lower Montane Shrub and Woodland
801RB8344,Santa Ana River Random Olsen Site 344,397,1987.8598143373335,8f,Southern California Montane Conifer Forest
P1-6,Lytle Creek (Middle Fork),63,1005.7891942039347,8e,Southern California Lower Montane Shrub and Woodland
Prop84_CVC_SW_NYbridge,Prop84_CVC_NYBridge Stormwater Monitoring Station,197,413.53595663426313,85d,Los Angeles Plain
801CE0152,City Creek Above West Fork,485,789.4294204761446,8e,Southern California Lower Montane Shrub and Woodland
802HYC267,Herkey Creek Random Olsen Site 267,398,1333.4802430825944,8e,Southern California Lower Montane Shrub and Woodland
802RB8605,Strawberry Creek Random Olsen Site 605,549,1600.4222476023483,8f,Southern California Montane Conifer Forest
801M15479,SMC2_15479,78,970.7128812637956,8e,Southern California Lower Montane Shrub and Woodland
719NP7AZC,Azalea Creek ~1mi above Res.,478,1199.5730878005043,8e,Southern California Lower Montane Shrub and Woodland
412LAR013,Los Angeles Random Site 13,558,541.7411113710868,8e,Southern California Lower Montane Shrub and Woodland
628PS1179,Deep Creek ~0.4mi below Luna Cyn.,438,1121.3965449545067,8c,Arid Montane Slopes
802S33561,Strawberry Creek Random SMC Site 33561,421,1654.7977179911704,8f,Southern California Montane Conifer Forest
801M16739,"Cajon Creek, near Cosy Dell, Random SMC Site 16739",381,824.5525555233264,8e,Southern California Lower Montane Shrub and Woodland
628PGL147,Lake Gregory,157,1387,8f,Southern California Montane Conifer Forest
801BBL705,"Big Bear Lake, Carol Morrison dock",166,2059.2637619079337,8f,Southern California Montane Conifer Forest
801S03488,Icehouse Canyon Random SMC Site 03488,679,1672.4498531693453,8f,Southern California Montane Conifer Forest
628HOL001,"Holcomb Cr, at Crab Flats Rd",318,1688.061231914125,8f,Southern California Montane Conifer Forest
801S09591,Plunge Creek Random SMC Site 09591,14,412.5932631570589,85k,Inland Valleys
801MIC032,Mill Creek Creek Random Olsen Site 032,598,663.4042418898514,85k,Inland Valleys
801DRC025,Deer Creek Random Olsen Site Random Olsen Site 025,102,1369.4927461588682,8e,Southern California Lower Montane Shrub and Woodland
802INC155,Indian Creek Random Olsen Site 155,349,1671.6951606908628,8f,Southern California Montane Conifer Forest
802S09698,Strawberry Creek Random SMC Site 09698,421,1674.211837001818,8f,Southern California Montane Conifer Forest
719MISSCK,Mission Creek,399,695.4766958604677,14b,Eastern Mojave Low Ranges and Arid Footslopes
628DEPSED,Deep Creek above Warm Springs,159,1102.907559017375,8c,Arid Montane Slopes
801RB8751,Waterman Canyon Random Site 751,302,636.8410875555098,8e,Southern California Lower Montane Shrub and Woodland
405BRCASG,Bear Creek above WF San Gabrial R.,221,520.6555144261922,8e,Southern California Lower Montane Shrub and Woodland
801ICE713,Icehouse Canyon Random Olsen Site 713,679,1597.5504629595566,8f,Southern California Montane Conifer Forest
405WER318,Bear Creek below West Fork,359,691.9114200603503,8e,Southern California Lower Montane Shrub and Woodland
802SWC020,Strawberry Creek Random Olsen  Site 020,279,1978.2503818034602,8f,Southern California Montane Conifer Forest
802RB8322,Strawberry Creek Random Olsen Site 322,206,828.3456356458732,8e,Southern California Lower Montane Shrub and Woodland
802SJR159,San Jacinto River Random Olsen Site 159,333,601.716038042914,85l,Inland Hills
801EBC126,East Fork Barton Creek Random Olsen Site 126,559,1876.2609482200583,8f,Southern California Montane Conifer Forest
405SGBWFK,West Fork San Gabriel,221,533.7585576154642,8e,Southern California Lower Montane Shrub and Woodland
801BBL706,"Big Bear Lake, Duane Boyer dock",239,2059,8f,Southern California Montane Conifer Forest
801WE1020,Lytle Creek MF ~2.2 miles upstream from North Fork Lytle Creek.,599,1132.39249964445,8f,Southern California Montane Conifer Forest
719WWRPUS,White Water Preserve Upstream,39,686.0375470316548,8c,Arid Montane Slopes
628DEPDHS,"Deep Cr, downstream of Hot Springs",199,992.7546446527276,8c,Arid Montane Slopes
405SGBEFK,East Fork San Gabriel,205,474.882308522572,8e,Southern California Lower Montane Shrub and Woodland
801LYC062,Lytle Creek Random Olsen Site 062,389,747.8588801025099,8e,Southern California Lower Montane Shrub and Woodland
801BBAG01,Aspen Glen Creek,214,2103.2130605664106,8f,Southern California Montane Conifer Forest
801SARBFC,Santa Ana River ~0.3mi below Fish Cr.,397,1951.8456692091622,8f,Southern California Montane Conifer Forest
HLCCR1,Holcomb Creek,520,1995.405392126791,8f,Southern California Montane Conifer Forest
802SJC453,San Jacinto River Random Olsen Site 453,333,612.8970447668681,85l,Inland Hills
405SGRAAG,"San Gabriel River, EF above Allison Gulch",320,747.995756116832,8e,Southern California Lower Montane Shrub and Woodland
801SAR087,Santa Ana River Random Olsen Site 087,397,2008.1203177313973,8f,Southern California Montane Conifer Forest
801CJW027,Cajon Wash Random Olsen Site 027,360,922.2620458426961,8c,Arid Montane Slopes
CRBCR2,Crab Creek 2,326,1815.288006177652,8f,Southern California Montane Conifer Forest
412LARBBK,Burbank Wash,87,148.56837621122895,85d,Los Angeles Plain
HMLCR1,Hemlock Creek,480,1157.398701705642,8e,Southern California Lower Montane Shrub and Woodland
802SWC375,Strawberry Creek Random Olsen Site 375,421,1767.4961577023225,8f,Southern California Montane Conifer Forest
FRGCR1,Frog Creek,622,2135.438343148471,8f,Southern California Montane Conifer Forest
MLLCR2,Mill Creek_2,590,1467.3993801524093,8e,Southern California Lower Montane Shrub and Woodland
801BBL673,"Big Bear Lake, Stanfield Cutoff northern end",166,2060.2630415527465,8f,Southern California Montane Conifer Forest
LSTCR1,Lost Creek,397,1943.7932637054619,8f,Southern California Montane Conifer Forest
802SNC070,Stone Creek Random Olsen Site 070,605,1389.4365777142818,8e,Southern California Lower Montane Shrub and Woodland
